path,language,text_chars,internal_links,canonical,description,classification,reasons
report/travel/malaysia-miri.html,en,6696,9,True,True,maintain,기본 품질 기준 충족
jp/report/travel/botswana-shakawe.html,ja,3342,4,True,True,maintain,기본 품질 기준 충족
kor/report/travel/portugal-oeiras.html,ko,3036,6,True,True,maintain,기본 품질 기준 충족
report/travel/australia-wagga.html,en,6130,9,True,True,maintain,기본 품질 기준 충족
jp/report/travel/dominican-laromana.html,ja,5679,4,True,True,maintain,기본 품질 기준 충족
kor/report/travel/hungary-nyiregyhaza.html,ko,3464,7,True,True,maintain,기본 품질 기준 충족
report/travel/usa-sandiego.html,en,5997,9,True,True,maintain,기본 품질 기준 충족
jp/report/travel/turkey-bursa.html,ja,7172,4,True,True,maintain,기본 품질 기준 충족
kor/report/travel/usa-oakland.html,ko,3487,7,True,True,maintain,기본 품질 기준 충족
report/travel/croatia-slavonski-brod.html,en,7134,9,True,True,maintain,기본 품질 기준 충족
jp/report/travel/french-guiana-camopi.html,ja,3172,4,True,True,maintain,기본 품질 기준 충족
kor/report/travel/zimbabwe-chitungwiza.html,ko,3276,7,True,True,maintain,기본 품질 기준 충족
report/travel/russia-ufa.html,en,7606,9,True,True,maintain,기본 품질 기준 충족
jp/report/travel/kenya-kilifi.html,ja,3401,4,True,True,maintain,기본 품질 기준 충족
kor/report/travel/albania-durres.html,ko,3402,8,True,True,maintain,기본 품질 기준 충족
report/travel/pakistan-lahore.html,en,7862,9,True,True,maintain,기본 품질 기준 충족
jp/report/travel/singapore-northeast.html,ja,3408,4,True,True,maintain,기본 품질 기준 충족
kor/report/travel/vietnam-thanhhoa.html,ko,3537,7,True,True,maintain,기본 품질 기준 충족
report/travel/italy-foggia.html,en,7053,9,True,True,maintain,기본 품질 기준 충족
jp/report/travel/ukraine-khmelnytskyi.html,ja,3224,4,True,True,maintain,기본 품질 기준 충족
kor/report/travel/india-kota.html,ko,3272,7,True,True,maintain,기본 품질 기준 충족
report/travel/hongkong-lkf.html,en,6881,9,True,True,maintain,기본 품질 기준 충족
jp/report/travel/singapore-tiong-bahru.html,ja,3454,4,True,True,maintain,기본 품질 기준 충족
kor/report/travel/lebanon-baalbek.html,ko,3470,7,True,True,maintain,기본 품질 기준 충족
report/travel/austria-korneuburg.html,en,7386,9,True,True,maintain,기본 품질 기준 충족
jp/report/travel/portugal-ponta-delgada.html,ja,3044,4,True,True,maintain,기본 품질 기준 충족
kor/report/travel/serbia-pusinski.html,ko,3625,7,True,True,maintain,기본 품질 기준 충족
report/travel/tunisia-benarous.html,en,7569,9,True,True,maintain,기본 품질 기준 충족
jp/report/travel/south-africa-standerton.html,ja,3491,4,True,True,maintain,기본 품질 기준 충족
kor/report/travel/tanzania-sinyanga.html,ko,3585,7,True,True,maintain,기본 품질 기준 충족
report/travel/honduras-choluteca.html,en,7374,9,True,True,maintain,기본 품질 기준 충족
jp/report/travel/south-africa-springs.html,ja,3942,4,True,True,maintain,기본 품질 기준 충족
kor/report/travel/spain-jerez.html,ko,3284,7,True,True,maintain,기본 품질 기준 충족
report/travel/mongolia-baganuur.html,en,7447,9,True,True,maintain,기본 품질 기준 충족
jp/report/travel/netherlands-arnhem.html,ja,2892,4,True,True,maintain,기본 품질 기준 충족
kor/report/travel/nicaragua-puerto-cabezas.html,ko,3493,7,True,True,maintain,기본 품질 기준 충족
report/travel/india-jaipur.html,en,6081,9,True,True,maintain,기본 품질 기준 충족
jp/report/travel/myanmar-laihka.html,ja,3012,4,True,True,maintain,기본 품질 기준 충족
kor/report/travel/france-orleans.html,ko,2360,7,True,True,maintain,기본 품질 기준 충족
report/travel/belarus-dokshitsy.html,en,7435,9,True,True,maintain,기본 품질 기준 충족
jp/report/travel/vietnam-hanoi.html,ja,3232,4,True,True,maintain,기본 품질 기준 충족
kor/report/travel/togo-keve.html,ko,3440,7,True,True,maintain,기본 품질 기준 충족
report/travel/lithuania-ignalina.html,en,7213,9,True,True,maintain,기본 품질 기준 충족
jp/report/travel/eritrea-embaderho.html,ja,3131,4,True,True,maintain,기본 품질 기준 충족
kor/report/travel/romania-bistrita.html,ko,3538,7,True,True,maintain,기본 품질 기준 충족
report/travel/algeria-ghardaia.html,en,7724,9,True,True,maintain,기본 품질 기준 충족
jp/report/travel/venezuela-aragua.html,ja,3348,4,True,True,maintain,기본 품질 기준 충족
kor/report/travel/austria-feldkirch.html,ko,3656,7,True,True,maintain,기본 품질 기준 충족
report/travel/zimbabwe-redcliff.html,en,6814,9,True,True,maintain,기본 품질 기준 충족
jp/report/travel/albania-tirana.html,ja,3328,4,True,True,maintain,기본 품질 기준 충족
kor/report/travel/hungary-szolnok.html,ko,3563,7,True,True,maintain,기본 품질 기준 충족
report/travel/togo-kpengal.html,en,7673,9,True,True,maintain,기본 품질 기준 충족
jp/report/travel/malawi-chitipa.html,ja,2933,4,True,True,maintain,기본 품질 기준 충족
kor/report/travel/netherlands-nijmegen.html,ko,3297,7,True,True,maintain,기본 품질 기준 충족
report/travel/libya-marsa.html,en,7227,9,True,True,maintain,기본 품질 기준 충족
jp/report/travel/chile-punta-arenas.html,ja,3198,4,True,True,maintain,기본 품질 기준 충족
kor/report/travel/myanmar-maungdaw.html,ko,3276,7,True,True,maintain,기본 품질 기준 충족
report/travel/france-montreuil.html,en,4957,9,True,True,maintain,기본 품질 기준 충족
jp/report/travel/bangladesh-kishoreganj.html,ja,5471,4,True,True,maintain,기본 품질 기준 충족
kor/report/travel/cyprus-paphos.html,ko,3339,7,True,True,maintain,기본 품질 기준 충족
report/travel/hungary-szazhalombatta.html,en,7026,9,True,True,maintain,기본 품질 기준 충족
jp/report/travel/portugal-castelobranco.html,ja,2788,4,True,True,maintain,기본 품질 기준 충족
kor/report/travel/malaysia-kulai.html,ko,3417,7,True,True,maintain,기본 품질 기준 충족
report/travel/armenia-yeghvard.html,en,7294,9,True,True,maintain,기본 품질 기준 충족
jp/report/travel/nepal-hetauda.html,ja,3375,4,True,True,maintain,기본 품질 기준 충족
kor/report/travel/malaysia-bandar-hilir.html,ko,3539,7,True,True,maintain,기본 품질 기준 충족
report/travel/france-bourges.html,en,5179,9,True,True,maintain,기본 품질 기준 충족
jp/report/travel/chad-abeche.html,ja,3253,4,True,True,maintain,기본 품질 기준 충족
kor/report/travel/guatemala-solola.html,ko,3479,7,True,True,maintain,기본 품질 기준 충족
report/travel/palestine-jenin.html,en,6719,9,True,True,maintain,기본 품질 기준 충족
jp/report/travel/guyana-corriverton.html,ja,3036,4,True,True,maintain,기본 품질 기준 충족
kor/report/travel/qatar-almamoura.html,ko,3363,7,True,True,maintain,기본 품질 기준 충족
report/travel/hongkong-lamma.html,en,6911,9,True,True,maintain,기본 품질 기준 충족
jp/report/travel/dominican-republic-san-cristobal.html,ja,3605,4,True,True,maintain,기본 품질 기준 충족
kor/report/travel/qatar-alhuwaila.html,ko,3289,7,True,True,maintain,기본 품질 기준 충족
report/travel/russia-salavat.html,en,7230,9,True,True,maintain,기본 품질 기준 충족
jp/report/travel/drc-wamia.html,ja,3017,4,True,True,maintain,기본 품질 기준 충족
kor/report/travel/kyrgyzstan-talas.html,ko,3217,7,True,True,maintain,기본 품질 기준 충족
report/travel/benin-penze.html,en,6248,9,True,True,maintain,기본 품질 기준 충족
jp/report/travel/qatar-al-abu-nakhra.html,ja,3276,4,True,True,maintain,기본 품질 기준 충족
kor/report/travel/cambodia-siem-reap.html,ko,3376,7,True,True,maintain,기본 품질 기준 충족
report/travel/tunisia-ariana.html,en,6611,9,True,True,maintain,기본 품질 기준 충족
jp/report/travel/taiwan-sanchong.html,ja,2752,4,True,True,maintain,기본 품질 기준 충족
kor/report/travel/laos-champasak.html,ko,3224,7,True,True,maintain,기본 품질 기준 충족
report/travel/cambodia-prey-veng.html,en,7083,9,True,True,maintain,기본 품질 기준 충족
jp/report/travel/north-macedonia-vrbenica.html,ja,2923,4,True,True,maintain,기본 품질 기준 충족
kor/report/travel/algeria-annaba.html,ko,3512,7,True,True,maintain,기본 품질 기준 충족
report/travel/benin-copanga.html,en,6819,9,True,True,maintain,기본 품질 기준 충족
jp/report/travel/suriname-wageningen.html,ja,2915,4,True,True,maintain,기본 품질 기준 충족
kor/report/travel/french-guiana-cayenne.html,ko,3255,7,True,True,maintain,기본 품질 기준 충족
report/travel/algeria-ouargla.html,en,7393,9,True,True,maintain,기본 품질 기준 충족
jp/report/travel/cote-divoire-alepe.html,ja,3251,4,True,True,maintain,기본 품질 기준 충족
kor/report/travel/croatia-split.html,ko,3563,7,True,True,maintain,기본 품질 기준 충족
report/travel/argentina-rosario.html,en,7080,9,True,True,maintain,기본 품질 기준 충족
jp/report/travel/congo-loango.html,ja,3559,4,True,True,maintain,기본 품질 기준 충족
kor/report/travel/russia-irkutsk.html,ko,3987,7,True,True,maintain,기본 품질 기준 충족
report/travel/pakistan-mirpurkhas.html,en,6668,9,True,True,maintain,기본 품질 기준 충족
jp/report/travel/philippines-losbanos.html,ja,3185,4,True,True,maintain,기본 품질 기준 충족
kor/report/travel/algeria-oran.html,ko,3232,7,True,True,maintain,기본 품질 기준 충족
report/travel/south-africa-springs.html,en,8017,9,True,True,maintain,기본 품질 기준 충족
jp/report/travel/lithuania-ignalina.html,ja,3270,4,True,True,maintain,기본 품질 기준 충족
kor/report/travel/liberia-harper.html,ko,3426,7,True,True,maintain,기본 품질 기준 충족
report/travel/lithuania-klaipeda.html,en,6866,9,True,True,maintain,기본 품질 기준 충족
jp/report/travel/zambia-chilonga.html,ja,3138,4,True,True,maintain,기본 품질 기준 충족
kor/report/travel/iran-semnan.html,ko,3550,7,True,True,maintain,기본 품질 기준 충족
report/travel/austria-kapfenberg.html,en,6890,9,True,True,maintain,기본 품질 기준 충족
jp/report/travel/tunisia-hiboun.html,ja,3436,4,True,True,maintain,기본 품질 기준 충족
kor/report/travel/bhutan-trongsa.html,ko,3409,7,True,True,maintain,기본 품질 기준 충족
report/travel/ukraine-bakhmut.html,en,7069,9,True,True,maintain,기본 품질 기준 충족
jp/report/travel/colombia-inirida.html,ja,3209,4,True,True,maintain,기본 품질 기준 충족
kor/report/travel/korea-buan.html,ko,3331,7,True,True,maintain,기본 품질 기준 충족
report/travel/sierraleone-koidu.html,en,6802,9,True,True,maintain,기본 품질 기준 충족
jp/report/travel/romania-alba-iulia.html,ja,3472,4,True,True,maintain,기본 품질 기준 충족
kor/report/travel/somalia-mogadishu.html,ko,3720,7,True,True,maintain,기본 품질 기준 충족
report/travel/myanmar-magway.html,en,6289,9,True,True,maintain,기본 품질 기준 충족
jp/report/travel/korea-hanam.html,ja,3185,4,True,True,maintain,기본 품질 기준 충족
kor/report/travel/cote-divoire-tiebissou.html,ko,3117,6,True,True,maintain,기본 품질 기준 충족
report/travel/venezuela-valencia.html,en,6783,9,True,True,maintain,기본 품질 기준 충족
jp/report/travel/dominican-santo-domingo-este.html,ja,3191,4,True,True,maintain,기본 품질 기준 충족
kor/report/travel/french-guiana-kourou.html,ko,3339,7,True,True,maintain,기본 품질 기준 충족
report/travel/china-xuzhou.html,en,5866,9,True,True,maintain,기본 품질 기준 충족
jp/report/travel/romania-suceava.html,ja,3568,4,True,True,maintain,기본 품질 기준 충족
kor/report/travel/bhutan-thendhu.html,ko,3191,7,True,True,maintain,기본 품질 기준 충족
report/travel/korea-chuncheon.html,en,7311,9,True,True,maintain,기본 품질 기준 충족
jp/report/travel/bangladesh-coxsbazar.html,ja,3068,4,True,True,maintain,기본 품질 기준 충족
kor/report/travel/belarus-krugloe.html,ko,3332,7,True,True,maintain,기본 품질 기준 충족
report/travel/indonesia-samarinda.html,en,7341,9,True,True,maintain,기본 품질 기준 충족
jp/report/travel/mongolia-zuunmod.html,ja,3279,4,True,True,maintain,기본 품질 기준 충족
kor/report/travel/burkinafaso-dedougou.html,ko,3388,6,True,True,maintain,기본 품질 기준 충족
report/travel/cote-divoire-aboisso.html,en,7185,9,True,True,maintain,기본 품질 기준 충족
jp/report/travel/russia-ufa.html,ja,3526,4,True,True,maintain,기본 품질 기준 충족
kor/report/travel/monaco-la-condamine.html,ko,3359,7,True,True,maintain,기본 품질 기준 충족
report/travel/ireland-waterford.html,en,9237,9,True,True,maintain,기본 품질 기준 충족
jp/report/travel/nicaragua-tegucigalpa.html,ja,3125,4,True,True,maintain,기본 품질 기준 충족
kor/report/travel/cambodia-siemreap.html,ko,3858,7,True,True,maintain,기본 품질 기준 충족
report/travel/japan-hachioji.html,en,5488,9,True,True,maintain,기본 품질 기준 충족
jp/report/travel/korea-gurye.html,ja,3706,4,True,True,maintain,기본 품질 기준 충족
kor/report/travel/india-nashik.html,ko,2992,7,True,True,maintain,기본 품질 기준 충족
report/travel/eswatini-bigbend.html,en,7132,9,True,True,maintain,기본 품질 기준 충족
jp/report/travel/india-jaipur.html,ja,2939,4,True,True,maintain,기본 품질 기준 충족
kor/report/travel/benin-atlantique.html,ko,3765,7,True,True,maintain,기본 품질 기준 충족
report/travel/thailand-surin.html,en,5707,9,True,True,maintain,기본 품질 기준 충족
jp/report/travel/korea-danyang.html,ja,3540,4,True,True,maintain,기본 품질 기준 충족
kor/report/travel/benin-kandi.html,ko,3362,7,True,True,maintain,기본 품질 기준 충족
report/travel/marshall-namu.html,en,6834,9,True,True,maintain,기본 품질 기준 충족
jp/report/travel/india-faridabad.html,ja,2992,4,True,True,maintain,기본 품질 기준 충족
kor/report/travel/norway-hamar.html,ko,3411,6,True,True,maintain,기본 품질 기준 충족
report/travel/korea-tongyeong.html,en,7554,9,True,True,maintain,기본 품질 기준 충족
jp/report/travel/guyana-lethem.html,ja,3413,4,True,True,maintain,기본 품질 기준 충족
kor/report/travel/pakistan-chitral.html,ko,3694,7,True,True,maintain,기본 품질 기준 충족
report/travel/uk-luton.html,en,5476,9,True,True,maintain,기본 품질 기준 충족
jp/report/travel/togo-sokode.html,ja,3118,4,True,True,maintain,기본 품질 기준 충족
kor/report/travel/mexico-naucalpan.html,ko,3572,7,True,True,maintain,기본 품질 기준 충족
report/travel/malaysia-kuching.html,en,7962,9,True,True,maintain,기본 품질 기준 충족
jp/report/travel/japan-chiba.html,ja,2864,4,True,True,maintain,기본 품질 기준 충족
kor/report/travel/north-macedonia-delcevo.html,ko,3338,7,True,True,maintain,기본 품질 기준 충족
report/travel/spain-santa-coloma-de-gramenet.html,en,5978,9,True,True,maintain,기본 품질 기준 충족
jp/report/travel/cote-divoire-guiglo.html,ja,3451,4,True,True,maintain,기본 품질 기준 충족
kor/report/travel/israel-kfar-kasem.html,ko,3275,7,True,True,maintain,기본 품질 기준 충족
report/travel/drc-kananga.html,en,7764,9,True,True,maintain,기본 품질 기준 충족
jp/report/travel/costa-rica-alajuela.html,ja,3467,4,True,True,maintain,기본 품질 기준 충족
kor/report/travel/gambia-brikama.html,ko,3362,7,True,True,maintain,기본 품질 기준 충족
report/travel/bhutan-ha.html,en,7273,9,True,True,maintain,기본 품질 기준 충족
jp/report/travel/bangladesh-sherpur.html,ja,5676,4,True,True,maintain,기본 품질 기준 충족
kor/report/travel/korea-naju.html,ko,3010,6,True,True,maintain,기본 품질 기준 충족
report/travel/austria-feldkirch.html,en,7301,9,True,True,maintain,기본 품질 기준 충족
jp/report/travel/north-korea-muncheon.html,ja,3004,4,True,True,maintain,기본 품질 기준 충족
kor/report/travel/belize-san-ignacio.html,ko,3712,7,True,True,maintain,기본 품질 기준 충족
report/travel/sudan-elgadarif.html,en,6906,9,True,True,maintain,기본 품질 기준 충족
jp/report/travel/italy-taranto.html,ja,3270,4,True,True,maintain,기본 품질 기준 충족
kor/report/travel/el-salvador-usulutan.html,ko,3279,7,True,True,maintain,기본 품질 기준 충족
report/travel/uk-burystednunds.html,en,8012,9,True,True,maintain,기본 품질 기준 충족
jp/report/travel/spain-elche.html,ja,2847,4,True,True,maintain,기본 품질 기준 충족
kor/report/travel/korea-boseong.html,ko,3390,7,True,True,maintain,기본 품질 기준 충족
report/travel/czech-karlovy-vary.html,en,6996,9,True,True,maintain,기본 품질 기준 충족
jp/report/travel/ethiopia-jimma.html,ja,3590,4,True,True,maintain,기본 품질 기준 충족
kor/report/travel/netherland-breda.html,ko,2925,6,True,True,maintain,기본 품질 기준 충족
report/travel/benin-malanville.html,en,7609,9,True,True,maintain,기본 품질 기준 충족
jp/report/travel/japan-funabashi.html,ja,2961,4,True,True,maintain,기본 품질 기준 충족
kor/report/travel/korea-gyeongsan.html,ko,3167,7,True,True,maintain,기본 품질 기준 충족
report/travel/finland-kemi.html,en,7176,9,True,True,maintain,기본 품질 기준 충족
jp/report/travel/azerbaijan-ismayilli.html,ja,3081,4,True,True,maintain,기본 품질 기준 충족
kor/report/travel/belarus-kletsk.html,ko,3297,7,True,True,maintain,기본 품질 기준 충족
report/travel/algeria-saida.html,en,7004,9,True,True,maintain,기본 품질 기준 충족
jp/report/travel/equatorial-guinea-aconibe.html,ja,3090,4,True,True,maintain,기본 품질 기준 충족
kor/report/travel/monaco-montecarlo.html,ko,3355,7,True,True,maintain,기본 품질 기준 충족
report/travel/tunisia-sfax.html,en,6727,9,True,True,maintain,기본 품질 기준 충족
jp/report/travel/myanmar-nyaungshwe.html,ja,2999,4,True,True,maintain,기본 품질 기준 충족
kor/report/travel/zimbabwe-chinhoyi.html,ko,3635,6,True,True,maintain,기본 품질 기준 충족
report/travel/russia-sochi.html,en,7058,9,True,True,maintain,기본 품질 기준 충족
jp/report/travel/paraguay-aregua.html,ja,3019,4,True,True,maintain,기본 품질 기준 충족
kor/report/travel/ukraine-cherkasy.html,ko,3214,7,True,True,maintain,기본 품질 기준 충족
report/travel/pakistan-dera-ismail-khan.html,en,7384,9,True,True,maintain,기본 품질 기준 충족
jp/report/travel/dominican-samana.html,ja,3226,4,True,True,maintain,기본 품질 기준 충족
kor/report/travel/morocco-nador.html,ko,3497,7,True,True,maintain,기본 품질 기준 충족
report/travel/spain-santiago.html,en,6449,9,True,True,maintain,기본 품질 기준 충족
jp/report/travel/slovakia-prievidza.html,ja,2989,4,True,True,maintain,기본 품질 기준 충족
kor/report/travel/france-perpignan.html,ko,2304,6,True,True,maintain,기본 품질 기준 충족
report/travel/qatar-al-jazirah-al-suwaydi.html,en,7589,9,True,True,maintain,기본 품질 기준 충족
jp/report/travel/newzealand-napier.html,ja,3371,4,True,True,maintain,기본 품질 기준 충족
