selectionOrdinal,selectionSet,selectionSource,url,repoPath,route,bytes,status,ga4Status,gscStatus,firstSeenDate,ageDaysAsOf2026-10-07,crossLocaleInboundHtml,sameLocaleInboundHtml,localHrefInboundHtml,sitemapFiles,feedFiles,indexFiles,codeReferences,testReferences,languageProxy,kanaChars,hangulChars,bodyChars,canonicalPath,contentReviewReasons,protectedWinner,activeExperiment,contentLaunchExperiment,ga4TrackedSnapshotPeriodStart,ga4TrackedSnapshotPeriodEnd,ga4TrackedSnapshotRowStatus,gscTrackedSnapshotPeriodStart,gscTrackedSnapshotPeriodEnd,gscTrackedSnapshotStatus,gscTrackedSnapshotPageRowCount,gscTrackedSnapshotRowStatus,gscOpportunitySnapshotPeriodStart,gscOpportunitySnapshotPeriodEnd,gscOpportunitySnapshotStatus,gscOpportunitySnapshotPageRowCount,gscOpportunitySnapshotRowStatus,observedTitle,observedH1,observedH2,editorialParagraphCount,editorialH2Count,editorialH3Count,editorialTableCount,editorialImageCount,editorialNaturalness,machineTranslationArtifacts,factualUsefulness,stalenessReview,templateHeaviness,editorialEvidence,candidateGA4WindowStart,candidateGA4WindowEnd,candidateGA4WindowProvenance,ga4TrackedSnapshotViews,ga4TrackedSnapshotUsers,ga4TrackedSnapshotEngagementSeconds,gscTrackedSnapshotClicks,gscTrackedSnapshotImpressions,gscTrackedSnapshotCtr,gscTrackedSnapshotPosition,gscOpportunitySnapshotQueryCount,ga4TrackedSnapshotPageRowCount
1,NESTED_REFINED_B25_OF_B100,jp-batch-b-analyzed-500-20261007.csv -> first 25 eligible rows also present in jp-batch-b-proposed-100-20261007.csv,https://emfls.github.io/jp/report/travel/malaysia-kuala-terengganu.html,jp/report/travel/malaysia-kuala-terengganu.html,/jp/report/travel/malaysia-kuala-terengganu.html,20219,GA4_90D_NO_ACTIVITY_ROW,NO_ACTIVITY_ROW_ELIGIBLE,NO_GSC_ROW,2025-07-14,450,0,0,0,"[""jp/report/travel/sitemap.xml""]",[],[],[],[],KANA_PRESENT_JAPANESE_LIKELY,1804,0,3925,jp/report/travel/malaysia-kuala-terengganu.html,"[""EXPLICIT_LANGUAGE_MISMATCH""]",false,false,false,2026-09-08,2026-10-05,ROW_ABSENT,2026-09-06,2026-10-03,VERIFIED,108,ROW_ABSENT,2026-09-03,2026-09-30,VERIFIED,34,ROW_ABSENT,Malaysia Kualate Renganu Travel Perfect Guide |旅行コース、準備、予防策,Malaysia Kualate Renganu Travel Perfect Guide,📅3泊と4日間の旅行コース | cualate lenganuへの旅行に必要な必須 | Kualate Lenganu Travel Case | Kualate renganu旅行のヒント | gravel旅行に期待される費用,8,5,13,0,0,POOR,PERVASIVE,LOW_FOR_PRACTICAL_PLANNING,UNVERIFIED_NO_VISIBLE_AS_OF_DATE,HIGH,"Local title/H1/H2 and first body text reviewed. The itinerary, prep, caution, tips and cost sections repeat across templates; place names are often corrupted or left in English/romanization. Prices, visas and opening details were not externally fact-checked.",,,NOT_IN_ANALYZED_500_EXPORT,,,,,,,,,2964
2,NESTED_REFINED_B25_OF_B100,jp-batch-b-analyzed-500-20261007.csv -> first 25 eligible rows also present in jp-batch-b-proposed-100-20261007.csv,https://emfls.github.io/jp/report/travel/uk-wakefield.html,jp/report/travel/uk-wakefield.html,/jp/report/travel/uk-wakefield.html,20171,GA4_90D_NO_ACTIVITY_ROW,NO_ACTIVITY_ROW_ELIGIBLE,NO_GSC_ROW,2025-07-14,450,0,0,0,"[""jp/report/travel/sitemap.xml""]",[],[],[],[],KANA_PRESENT_JAPANESE_LIKELY,2151,0,3897,jp/report/travel/uk-wakefield.html,"[""EXPLICIT_LANGUAGE_MISMATCH""]",false,false,false,2026-09-08,2026-10-05,ROW_ABSENT,2026-09-06,2026-10-03,VERIFIED,108,ROW_ABSENT,2026-09-03,2026-09-30,VERIFIED,34,ROW_ABSENT,イギリスのウェイクフィールド旅行|旅行コース、準備、予防策,🇬🇧イギリスのウェイクフィールド旅行,📅ウェイクフィールド2晩3日間の旅行コース | wakeウェイクフィールド旅行が必要です | wakefieldウェイクフィールド旅行の注意事項 | 💡ウェイクフィールド旅行のヒント | wakeウェイクフィールド旅行の推定費用,7,5,11,0,0,POOR,PERVASIVE,LOW_FOR_PRACTICAL_PLANNING,UNVERIFIED_NO_VISIBLE_AS_OF_DATE,HIGH,"Local title/H1/H2 and first body text reviewed. The itinerary, prep, caution, tips and cost sections repeat across templates; place names are often corrupted or left in English/romanization. Prices, visas and opening details were not externally fact-checked.",,,NOT_IN_ANALYZED_500_EXPORT,,,,,,,,,2964
3,NESTED_REFINED_B25_OF_B100,jp-batch-b-analyzed-500-20261007.csv -> first 25 eligible rows also present in jp-batch-b-proposed-100-20261007.csv,https://emfls.github.io/jp/report/travel/argentina-bariloche.html,jp/report/travel/argentina-bariloche.html,/jp/report/travel/argentina-bariloche.html,20163,GA4_90D_NO_ACTIVITY_ROW,NO_ACTIVITY_ROW_ELIGIBLE,NO_GSC_ROW,2025-07-14,450,0,0,0,"[""jp/report/travel/sitemap.xml""]",[],[],[],[],KANA_PRESENT_JAPANESE_LIKELY,1918,0,3971,jp/report/travel/argentina-bariloche.html,"[""EXPLICIT_LANGUAGE_MISMATCH""]",false,false,false,2026-09-08,2026-10-05,ROW_ABSENT,2026-09-06,2026-10-03,VERIFIED,108,ROW_ABSENT,2026-09-03,2026-09-30,VERIFIED,34,ROW_ABSENT,アルゼンチン・サンカル・ロス・デ・バリロチェ旅行パーフェクトガイド|旅行コース、準備、予防策,🇦アルゼンチン・サンカルロス・デ・バリロス・トラベル・パーフェクト・ガイド,📅バリロチェ3泊と4日間の旅行コース | barililocheの移動に必要な材料 | Bariloche旅行の注意事項 | 💡バリロチェ旅行のヒント | barililoche旅行の推定費用,8,5,13,0,0,POOR,PERVASIVE,LOW_FOR_PRACTICAL_PLANNING,UNVERIFIED_NO_VISIBLE_AS_OF_DATE,HIGH,"Local title/H1/H2 and first body text reviewed. The itinerary, prep, caution, tips and cost sections repeat across templates; place names are often corrupted or left in English/romanization. Prices, visas and opening details were not externally fact-checked.",,,NOT_IN_ANALYZED_500_EXPORT,,,,,,,,,2964
4,NESTED_REFINED_B25_OF_B100,jp-batch-b-analyzed-500-20261007.csv -> first 25 eligible rows also present in jp-batch-b-proposed-100-20261007.csv,https://emfls.github.io/jp/report/travel/azerbaijan-baku.html,jp/report/travel/azerbaijan-baku.html,/jp/report/travel/azerbaijan-baku.html,20160,GA4_90D_NO_ACTIVITY_ROW,NO_ACTIVITY_ROW_ELIGIBLE,NO_GSC_ROW,2025-07-14,450,0,0,0,"[""jp/report/travel/sitemap.xml""]",[],[],[],[],KANA_PRESENT_JAPANESE_LIKELY,1663,0,4147,jp/report/travel/azerbaijan-baku.html,"[""EXPLICIT_LANGUAGE_MISMATCH""]",false,false,false,2026-09-08,2026-10-05,ROW_ABSENT,2026-09-06,2026-10-03,VERIFIED,108,ROW_ABSENT,2026-09-03,2026-09-30,VERIFIED,34,ROW_ABSENT,Azerbaijan Baku Perfect Guide |旅行コース、準備、予防策,Azerbaijan Baku Travel Perfect Guide,Azerbaijan 4泊5日間の旅行コース | Azerbaijan旅行が必要です | Azerbaijan旅行予防措置 | Azerbaijan旅行のヒント | Azerbaijanへの旅行に期待される費用,9,5,14,0,0,POOR,PERVASIVE,LOW_FOR_PRACTICAL_PLANNING,UNVERIFIED_NO_VISIBLE_AS_OF_DATE,HIGH,"Local title/H1/H2 and first body text reviewed. The itinerary, prep, caution, tips and cost sections repeat across templates; place names are often corrupted or left in English/romanization. Prices, visas and opening details were not externally fact-checked.",,,NOT_IN_ANALYZED_500_EXPORT,,,,,,,,,2964
5,NESTED_REFINED_B25_OF_B100,jp-batch-b-analyzed-500-20261007.csv -> first 25 eligible rows also present in jp-batch-b-proposed-100-20261007.csv,https://emfls.github.io/jp/report/travel/colombia-medellin.html,jp/report/travel/colombia-medellin.html,/jp/report/travel/colombia-medellin.html,20160,GA4_90D_NO_ACTIVITY_ROW,NO_ACTIVITY_ROW_ELIGIBLE,NO_GSC_ROW,2025-07-14,450,0,0,0,"[""jp/report/travel/sitemap.xml""]",[],[],[],[],KANA_PRESENT_JAPANESE_LIKELY,1781,0,3956,jp/report/travel/colombia-medellin.html,"[""EXPLICIT_LANGUAGE_MISMATCH""]",false,false,false,2026-09-08,2026-10-05,ROW_ABSENT,2026-09-06,2026-10-03,VERIFIED,108,ROW_ABSENT,2026-09-03,2026-09-30,VERIFIED,34,ROW_ABSENT,コロンビアのメデールパーフェクトガイド|旅行コース、準備、予防策,🇨🇴コロンビアメデールトラベルパーフェクトガイド,medeine 4泊5日間の旅行コース | for準備に必要なムーミン旅行 | ∎瞑想旅行の注意 | 💡メダイン旅行のヒント | medeinメダイン旅行の推定費用,9,5,13,0,0,POOR,PERVASIVE,LOW_FOR_PRACTICAL_PLANNING,UNVERIFIED_NO_VISIBLE_AS_OF_DATE,HIGH,"Local title/H1/H2 and first body text reviewed. The itinerary, prep, caution, tips and cost sections repeat across templates; place names are often corrupted or left in English/romanization. Prices, visas and opening details were not externally fact-checked.",,,NOT_IN_ANALYZED_500_EXPORT,,,,,,,,,2964
6,NESTED_REFINED_B25_OF_B100,jp-batch-b-analyzed-500-20261007.csv -> first 25 eligible rows also present in jp-batch-b-proposed-100-20261007.csv,https://emfls.github.io/jp/report/travel/ireland-galway.html,jp/report/travel/ireland-galway.html,/jp/report/travel/ireland-galway.html,20080,GA4_90D_NO_ACTIVITY_ROW,NO_ACTIVITY_ROW_ELIGIBLE,NO_GSC_ROW,2025-07-14,450,0,0,0,"[""jp/report/travel/sitemap.xml""]",[],[],[],[],KANA_PRESENT_JAPANESE_LIKELY,2088,0,4077,jp/report/travel/ireland-galway.html,"[""EXPLICIT_LANGUAGE_MISMATCH""]",false,false,false,2026-09-08,2026-10-05,ROW_ABSENT,2026-09-06,2026-10-03,VERIFIED,108,ROW_ABSENT,2026-09-03,2026-09-30,VERIFIED,34,ROW_ABSENT,アイルランドゴルウェイトラベルパーフェクトガイド|旅行コース、準備、予防策,🇮🇪アイルランドゴルウェイトラベルパーフェクトガイド,📅ゴルウェイ2晩3日間の旅行コース | 🎒準備に必要なゴルウェイ旅行 | Golway旅行の注意事項 | Goldway Essential Restaurants＆Food | golwayの旅行のヒント | gravel旅行に期待される費用,8,6,13,0,0,POOR,PERVASIVE,LOW_FOR_PRACTICAL_PLANNING,UNVERIFIED_NO_VISIBLE_AS_OF_DATE,HIGH,"Local title/H1/H2 and first body text reviewed. The itinerary, prep, caution, tips and cost sections repeat across templates; place names are often corrupted or left in English/romanization. Prices, visas and opening details were not externally fact-checked.",,,NOT_IN_ANALYZED_500_EXPORT,,,,,,,,,2964
7,NESTED_REFINED_B25_OF_B100,jp-batch-b-analyzed-500-20261007.csv -> first 25 eligible rows also present in jp-batch-b-proposed-100-20261007.csv,https://emfls.github.io/jp/report/travel/malaysia-penang.html,jp/report/travel/malaysia-penang.html,/jp/report/travel/malaysia-penang.html,20056,GA4_90D_NO_ACTIVITY_ROW,NO_ACTIVITY_ROW_ELIGIBLE,NO_GSC_ROW,2025-07-14,450,0,0,0,"[""jp/report/travel/sitemap.xml""]",[],[],[],[],KANA_PRESENT_JAPANESE_LIKELY,1966,0,3968,jp/report/travel/malaysia-penang.html,"[""EXPLICIT_LANGUAGE_MISMATCH""]",false,false,false,2026-09-08,2026-10-05,ROW_ABSENT,2026-09-06,2026-10-03,VERIFIED,108,ROW_ABSENT,2026-09-03,2026-09-30,VERIFIED,34,ROW_ABSENT,マレーシアペナントラベルパーフェクトガイド|旅行コース、準備、予防策,Malaysia Penang Travel Perfect Guide,📅ペナン3晩4日間の旅行コース | 🎒ペナン旅行が必要です | penang旅行の注意事項 | 💡ペナン旅行のヒント | penangペナン旅行の推定費用,8,5,13,0,0,POOR,PERVASIVE,LOW_FOR_PRACTICAL_PLANNING,UNVERIFIED_NO_VISIBLE_AS_OF_DATE,HIGH,"Local title/H1/H2 and first body text reviewed. The itinerary, prep, caution, tips and cost sections repeat across templates; place names are often corrupted or left in English/romanization. Prices, visas and opening details were not externally fact-checked.",,,NOT_IN_ANALYZED_500_EXPORT,,,,,,,,,2964
8,NESTED_REFINED_B25_OF_B100,jp-batch-b-analyzed-500-20261007.csv -> first 25 eligible rows also present in jp-batch-b-proposed-100-20261007.csv,https://emfls.github.io/jp/report/travel/denmark-frederiksberg.html,jp/report/travel/denmark-frederiksberg.html,/jp/report/travel/denmark-frederiksberg.html,20038,GA4_90D_NO_ACTIVITY_ROW,NO_ACTIVITY_ROW_ELIGIBLE,NO_GSC_ROW,2025-07-14,450,0,0,0,"[""jp/report/travel/sitemap.xml""]",[],[],[],[],KANA_PRESENT_JAPANESE_LIKELY,2107,0,3745,jp/report/travel/denmark-frederiksberg.html,"[""EXPLICIT_LANGUAGE_MISMATCH""]",false,false,false,2026-09-08,2026-10-05,ROW_ABSENT,2026-09-06,2026-10-03,VERIFIED,108,ROW_ABSENT,2026-09-03,2026-09-30,VERIFIED,34,ROW_ABSENT,デンマークのフレデリック・サブレ・トラベル・パーフェクト・ガイド|旅行コース、準備、予防策,🇩デンマークのフレデリック軍曹旅行パーフェクトガイド,📅フレデリックSber 2泊3日間の旅行コース | frederickの旅行が必要です | ⚠️フレデリックセルガートラベルノート | 🍴フレデリックセルゲンズエッセンシャルレストラン＆フード | 💡フレデリックセルガー旅行のヒント | 💰フレデリック・セルガーの予想費用,8,6,13,0,0,POOR,PERVASIVE,LOW_FOR_PRACTICAL_PLANNING,UNVERIFIED_NO_VISIBLE_AS_OF_DATE,HIGH,"Local title/H1/H2 and first body text reviewed. The itinerary, prep, caution, tips and cost sections repeat across templates; place names are often corrupted or left in English/romanization. Prices, visas and opening details were not externally fact-checked.",,,NOT_IN_ANALYZED_500_EXPORT,,,,,,,,,2964
9,NESTED_REFINED_B25_OF_B100,jp-batch-b-analyzed-500-20261007.csv -> first 25 eligible rows also present in jp-batch-b-proposed-100-20261007.csv,https://emfls.github.io/jp/report/travel/uk-grimsby.html,jp/report/travel/uk-grimsby.html,/jp/report/travel/uk-grimsby.html,20037,GA4_90D_NO_ACTIVITY_ROW,NO_ACTIVITY_ROW_ELIGIBLE,NO_GSC_ROW,2025-07-14,450,0,0,0,"[""jp/report/travel/sitemap.xml""]",[],[],[],[],KANA_PRESENT_JAPANESE_LIKELY,1947,0,4009,jp/report/travel/uk-grimsby.html,"[""EXPLICIT_LANGUAGE_MISMATCH""]",false,false,false,2026-09-08,2026-10-05,ROW_ABSENT,2026-09-06,2026-10-03,VERIFIED,108,ROW_ABSENT,2026-09-03,2026-09-30,VERIFIED,34,ROW_ABSENT,ブリティッシュピクチャーズビイスビートラベルへの完璧なガイド|旅行コース、準備、予防策,bisbyTravelのイギリス写真の完璧なガイド,picture bee 2 nights 3日間の旅行コース | pictureティックビー旅行の必須準備 | plainageトラベルノート | picture写真ツアー旅行のヒント | picture写真ツアーの期待費用,7,5,11,0,0,POOR,PERVASIVE,LOW_FOR_PRACTICAL_PLANNING,UNVERIFIED_NO_VISIBLE_AS_OF_DATE,HIGH,"Local title/H1/H2 and first body text reviewed. The itinerary, prep, caution, tips and cost sections repeat across templates; place names are often corrupted or left in English/romanization. Prices, visas and opening details were not externally fact-checked.",,,NOT_IN_ANALYZED_500_EXPORT,,,,,,,,,2964
10,NESTED_REFINED_B25_OF_B100,jp-batch-b-analyzed-500-20261007.csv -> first 25 eligible rows also present in jp-batch-b-proposed-100-20261007.csv,https://emfls.github.io/jp/report/travel/philippines-dumaguete.html,jp/report/travel/philippines-dumaguete.html,/jp/report/travel/philippines-dumaguete.html,20031,GA4_90D_NO_ACTIVITY_ROW,NO_ACTIVITY_ROW_ELIGIBLE,NO_GSC_ROW,2025-07-14,450,0,0,0,"[""jp/report/travel/sitemap.xml""]",[],[],[],[],KANA_PRESENT_JAPANESE_LIKELY,1741,0,3879,jp/report/travel/philippines-dumaguete.html,"[""EXPLICIT_LANGUAGE_MISMATCH""]",false,false,false,2026-09-08,2026-10-05,ROW_ABSENT,2026-09-06,2026-10-03,VERIFIED,108,ROW_ABSENT,2026-09-03,2026-09-30,VERIFIED,34,ROW_ABSENT,Dumagateeの完璧なガイド、フィリピン|旅行コース、準備、予防策,Philippines、フィリピンのDumagateeへの旅行に最適なガイド,dumagate 4泊5日間の旅行コース | dumagateeが必要であることが必要です | dumagatee旅行の予防措置 | dumagate旅行のヒント | dumagatee旅行予想費用,9,5,13,0,0,POOR,PERVASIVE,LOW_FOR_PRACTICAL_PLANNING,UNVERIFIED_NO_VISIBLE_AS_OF_DATE,HIGH,"Local title/H1/H2 and first body text reviewed. The itinerary, prep, caution, tips and cost sections repeat across templates; place names are often corrupted or left in English/romanization. Prices, visas and opening details were not externally fact-checked.",,,NOT_IN_ANALYZED_500_EXPORT,,,,,,,,,2964
11,NESTED_REFINED_B25_OF_B100,jp-batch-b-analyzed-500-20261007.csv -> first 25 eligible rows also present in jp-batch-b-proposed-100-20261007.csv,https://emfls.github.io/jp/report/travel/indonesia-jakarta.html,jp/report/travel/indonesia-jakarta.html,/jp/report/travel/indonesia-jakarta.html,19988,GA4_90D_NO_ACTIVITY_ROW,NO_ACTIVITY_ROW_ELIGIBLE,NO_GSC_ROW,2025-07-14,450,0,0,0,"[""jp/report/travel/sitemap.xml""]",[],[],[],[],KANA_PRESENT_JAPANESE_LIKELY,1806,0,3907,jp/report/travel/indonesia-jakarta.html,"[""EXPLICIT_LANGUAGE_MISMATCH""]",false,false,false,2026-09-08,2026-10-05,ROW_ABSENT,2026-09-06,2026-10-03,VERIFIED,108,ROW_ABSENT,2026-09-03,2026-09-30,VERIFIED,34,ROW_ABSENT,インドネシアのジャカルタでのジャカルタ旅行への完璧なガイド|旅行コース、準備、予防策,インドネシアのジャカルタへの旅行に最適なガイド,📅ジャカルタ3晩4日間の旅行コース | 🎒ジャカルタ旅行が必要です | Jakarta旅行の注意事項 | 💡ジャカルタ旅行のヒント | 💰ジャカルタ旅行の推定費用,8,5,13,0,0,POOR,PERVASIVE,LOW_FOR_PRACTICAL_PLANNING,UNVERIFIED_NO_VISIBLE_AS_OF_DATE,HIGH,"Local title/H1/H2 and first body text reviewed. The itinerary, prep, caution, tips and cost sections repeat across templates; place names are often corrupted or left in English/romanization. Prices, visas and opening details were not externally fact-checked.",,,NOT_IN_ANALYZED_500_EXPORT,,,,,,,,,2964
12,NESTED_REFINED_B25_OF_B100,jp-batch-b-analyzed-500-20261007.csv -> first 25 eligible rows also present in jp-batch-b-proposed-100-20261007.csv,https://emfls.github.io/jp/report/travel/drc-kenge.html,jp/report/travel/drc-kenge.html,/jp/report/travel/drc-kenge.html,19974,GA4_90D_NO_ACTIVITY_ROW,NO_ACTIVITY_ROW_ELIGIBLE,NO_GSC_ROW,2025-07-14,450,0,0,0,"[""jp/report/travel/sitemap.xml""]",[],[],[],[],KANA_PRESENT_JAPANESE_LIKELY,1590,0,3907,jp/report/travel/drc-kenge.html,"[""EXPLICIT_LANGUAGE_MISMATCH""]",false,false,false,2026-09-08,2026-10-05,ROW_ABSENT,2026-09-06,2026-10-03,VERIFIED,108,ROW_ABSENT,2026-09-03,2026-09-30,VERIFIED,34,ROW_ABSENT,コンゴ民主共和国パーフェクトガイド|旅行コース、準備、予防策,Congo Congo Democratic Republic Perfect Guide,📅3泊と4日間の旅行コース | cravel旅行の準備が必要です | この旅行の注意事項 | 💡旅行のヒント | 予想される旅費,8,5,13,0,0,POOR,PERVASIVE,LOW_FOR_PRACTICAL_PLANNING,UNVERIFIED_NO_VISIBLE_AS_OF_DATE,HIGH,"Local title/H1/H2 and first body text reviewed. The itinerary, prep, caution, tips and cost sections repeat across templates; place names are often corrupted or left in English/romanization. Prices, visas and opening details were not externally fact-checked.",,,NOT_IN_ANALYZED_500_EXPORT,,,,,,,,,2964
13,NESTED_REFINED_B25_OF_B100,jp-batch-b-analyzed-500-20261007.csv -> first 25 eligible rows also present in jp-batch-b-proposed-100-20261007.csv,https://emfls.github.io/jp/report/travel/fiji-korolevu.html,jp/report/travel/fiji-korolevu.html,/jp/report/travel/fiji-korolevu.html,19941,GA4_90D_NO_ACTIVITY_ROW,NO_ACTIVITY_ROW_ELIGIBLE,NO_GSC_ROW,2025-07-14,450,0,0,0,"[""jp/report/travel/sitemap.xml""]",[],[],[],[],KANA_PRESENT_JAPANESE_LIKELY,1962,0,3915,jp/report/travel/fiji-korolevu.html,"[""EXPLICIT_LANGUAGE_MISMATCH""]",false,false,false,2026-09-08,2026-10-05,ROW_ABSENT,2026-09-06,2026-10-03,VERIFIED,108,ROW_ABSENT,2026-09-03,2026-09-30,VERIFIED,34,ROW_ABSENT,Facier Korebu Travel Perfect Guide |旅行コース、準備、予防策,🇫🇯最終ガイド,corore bubu 3泊と4日間の旅行コース | gravel旅行に必要な旅行の準備 | Cororebuのこのメモ | travel旅行ツアーのヒント | gravel旅行の予想遠征,8,5,12,0,0,POOR,PERVASIVE,LOW_FOR_PRACTICAL_PLANNING,UNVERIFIED_NO_VISIBLE_AS_OF_DATE,HIGH,"Local title/H1/H2 and first body text reviewed. The itinerary, prep, caution, tips and cost sections repeat across templates; place names are often corrupted or left in English/romanization. Prices, visas and opening details were not externally fact-checked.",,,NOT_IN_ANALYZED_500_EXPORT,,,,,,,,,2964
14,NESTED_REFINED_B25_OF_B100,jp-batch-b-analyzed-500-20261007.csv -> first 25 eligible rows also present in jp-batch-b-proposed-100-20261007.csv,https://emfls.github.io/jp/report/travel/china-zhengzhou.html,jp/report/travel/china-zhengzhou.html,/jp/report/travel/china-zhengzhou.html,19924,GA4_90D_NO_ACTIVITY_ROW,NO_ACTIVITY_ROW_ELIGIBLE,NO_GSC_ROW,2025-07-14,450,0,0,0,"[""jp/report/travel/sitemap.xml""]",[],[],[],[],KANA_PRESENT_JAPANESE_LIKELY,1504,0,3988,jp/report/travel/china-zhengzhou.html,"[""EXPLICIT_LANGUAGE_MISMATCH""]",false,false,false,2026-09-08,2026-10-05,ROW_ABSENT,2026-09-06,2026-10-03,VERIFIED,108,ROW_ABSENT,2026-09-03,2026-09-30,VERIFIED,34,ROW_ABSENT,中国のJungzhouへの旅行に最適なガイド|旅行コース、準備、予防策,china中国のJungzhouへの旅行に最適なガイド,Jungzhou 5晩6日間の旅行コース | for準備に必要な陽子の旅行 | ⚠§Jungzhou旅行ケース | ane江の旅行のヒント | 💰陽子旅行予想費用,10,5,14,0,0,POOR,PERVASIVE,LOW_FOR_PRACTICAL_PLANNING,UNVERIFIED_NO_VISIBLE_AS_OF_DATE,HIGH,"Local title/H1/H2 and first body text reviewed. The itinerary, prep, caution, tips and cost sections repeat across templates; place names are often corrupted or left in English/romanization. Prices, visas and opening details were not externally fact-checked.",,,NOT_IN_ANALYZED_500_EXPORT,,,,,,,,,2964
15,NESTED_REFINED_B25_OF_B100,jp-batch-b-analyzed-500-20261007.csv -> first 25 eligible rows also present in jp-batch-b-proposed-100-20261007.csv,https://emfls.github.io/jp/report/travel/nepal-kathmandu.html,jp/report/travel/nepal-kathmandu.html,/jp/report/travel/nepal-kathmandu.html,19898,GA4_90D_NO_ACTIVITY_ROW,NO_ACTIVITY_ROW_ELIGIBLE,NO_GSC_ROW,2025-07-14,450,0,0,0,"[""jp/report/travel/sitemap.xml""]",[],[],[],[],KANA_PRESENT_JAPANESE_LIKELY,1740,0,3745,jp/report/travel/nepal-kathmandu.html,"[""EXPLICIT_LANGUAGE_MISMATCH""]",false,false,false,2026-09-08,2026-10-05,ROW_ABSENT,2026-09-06,2026-10-03,VERIFIED,108,ROW_ABSENT,2026-09-03,2026-09-30,VERIFIED,34,ROW_ABSENT,ネパールカトマンズトラベルパーフェクトガイド|旅行コース、準備、予防策,🇳🇵ネパールカトマンズトラベルパーフェクトガイド,📅キャスマンデュマン4晩5日間の旅行コース | 🎒カトマンズdump子の必需品 | Kathmandu旅行の予防措置 | 💡カトマンズの旅行のヒント | 💰カトマンズ旅行の推定費用,9,5,14,0,0,POOR,PERVASIVE,LOW_FOR_PRACTICAL_PLANNING,UNVERIFIED_NO_VISIBLE_AS_OF_DATE,HIGH,"Local title/H1/H2 and first body text reviewed. The itinerary, prep, caution, tips and cost sections repeat across templates; place names are often corrupted or left in English/romanization. Prices, visas and opening details were not externally fact-checked.",,,NOT_IN_ANALYZED_500_EXPORT,,,,,,,,,2964
16,NESTED_REFINED_B25_OF_B100,jp-batch-b-analyzed-500-20261007.csv -> first 25 eligible rows also present in jp-batch-b-proposed-100-20261007.csv,https://emfls.github.io/jp/report/travel/peru-tumbes.html,jp/report/travel/peru-tumbes.html,/jp/report/travel/peru-tumbes.html,19879,GA4_90D_NO_ACTIVITY_ROW,NO_ACTIVITY_ROW_ELIGIBLE,NO_GSC_ROW,2025-07-14,450,0,0,0,"[""jp/report/travel/sitemap.xml""]",[],[],[],[],KANA_PRESENT_JAPANESE_LIKELY,1833,0,3976,jp/report/travel/peru-tumbes.html,"[""EXPLICIT_LANGUAGE_MISMATCH""]",false,false,false,2026-09-08,2026-10-05,ROW_ABSENT,2026-09-06,2026-10-03,VERIFIED,108,ROW_ABSENT,2026-09-03,2026-09-30,VERIFIED,34,ROW_ABSENT,Peru Tumbeth Travel Perfect Guide |旅行コース、準備、予防策,🇵🇪ペルー旅行完璧なガイド,📅トンベ3晩4日間の旅行コース | 🎒旅行が必要です | trave旅行の予防策 | 💡トンベの旅行のヒント | tombez旅行予想費用,8,5,13,0,0,POOR,PERVASIVE,LOW_FOR_PRACTICAL_PLANNING,UNVERIFIED_NO_VISIBLE_AS_OF_DATE,HIGH,"Local title/H1/H2 and first body text reviewed. The itinerary, prep, caution, tips and cost sections repeat across templates; place names are often corrupted or left in English/romanization. Prices, visas and opening details were not externally fact-checked.",,,NOT_IN_ANALYZED_500_EXPORT,,,,,,,,,2964
17,NESTED_REFINED_B25_OF_B100,jp-batch-b-analyzed-500-20261007.csv -> first 25 eligible rows also present in jp-batch-b-proposed-100-20261007.csv,https://emfls.github.io/jp/report/travel/burkinafaso-ouagadougou.html,jp/report/travel/burkinafaso-ouagadougou.html,/jp/report/travel/burkinafaso-ouagadougou.html,19873,GA4_90D_NO_ACTIVITY_ROW,NO_ACTIVITY_ROW_ELIGIBLE,NO_GSC_ROW,2025-07-14,450,0,0,0,"[""jp/report/travel/sitemap.xml""]",[],[],[],[],KANA_PRESENT_JAPANESE_LIKELY,1611,0,3847,jp/report/travel/burkinafaso-ouagadougou.html,"[""EXPLICIT_LANGUAGE_MISMATCH""]",false,false,false,2026-09-08,2026-10-05,ROW_ABSENT,2026-09-06,2026-10-03,VERIFIED,108,ROW_ABSENT,2026-09-03,2026-09-30,VERIFIED,34,ROW_ABSENT,Burkina Pasowa du -gu Travel Perfect Guide |旅行コース、準備、予防策,🇧🇫ブルキナ・パソワ・デュグ・ドッグ・トラベル・パーフェクト・ガイド,📅wagadugaku3泊と4日間の旅行コース | waga waga dugu dugu travel Essential Prepartion | waga旅行予防措置 | waga waga dugu旅行のヒント | huga waga dugu旅行予想費用,8,5,12,0,0,POOR,PERVASIVE,LOW_FOR_PRACTICAL_PLANNING,UNVERIFIED_NO_VISIBLE_AS_OF_DATE,HIGH,"Local title/H1/H2 and first body text reviewed. The itinerary, prep, caution, tips and cost sections repeat across templates; place names are often corrupted or left in English/romanization. Prices, visas and opening details were not externally fact-checked.",,,NOT_IN_ANALYZED_500_EXPORT,,,,,,,,,2964
18,NESTED_REFINED_B25_OF_B100,jp-batch-b-analyzed-500-20261007.csv -> first 25 eligible rows also present in jp-batch-b-proposed-100-20261007.csv,https://emfls.github.io/jp/report/travel/ireland-dublin.html,jp/report/travel/ireland-dublin.html,/jp/report/travel/ireland-dublin.html,19842,GA4_90D_NO_ACTIVITY_ROW,NO_ACTIVITY_ROW_ELIGIBLE,NO_GSC_ROW,2025-07-14,450,0,0,0,"[""jp/report/travel/sitemap.xml""]",[],[],[],[],KANA_PRESENT_JAPANESE_LIKELY,2098,0,3798,jp/report/travel/ireland-dublin.html,"[""EXPLICIT_LANGUAGE_MISMATCH""]",false,false,false,2026-09-08,2026-10-05,ROW_ABSENT,2026-09-06,2026-10-03,VERIFIED,108,ROW_ABSENT,2026-09-03,2026-09-30,VERIFIED,34,ROW_ABSENT,アイルランドダブリントラベルパーフェクトガイド|旅行コース、準備、予防策,🇮🇪アイルランドダブリントラベルパーフェクトガイド,📅ダブリン3日間の旅行コース | dublinダブリン旅行が必要です | Dublin旅行の注意事項 | Dublin Dublin Essential Restaurant＆Food | Dublinの旅行のヒント | dublinダブリン旅行の推定費用,8,6,13,0,0,POOR,PERVASIVE,LOW_FOR_PRACTICAL_PLANNING,UNVERIFIED_NO_VISIBLE_AS_OF_DATE,HIGH,"Local title/H1/H2 and first body text reviewed. The itinerary, prep, caution, tips and cost sections repeat across templates; place names are often corrupted or left in English/romanization. Prices, visas and opening details were not externally fact-checked.",,,NOT_IN_ANALYZED_500_EXPORT,,,,,,,,,2964
19,NESTED_REFINED_B25_OF_B100,jp-batch-b-analyzed-500-20261007.csv -> first 25 eligible rows also present in jp-batch-b-proposed-100-20261007.csv,https://emfls.github.io/jp/report/travel/brazil-brasilia.html,jp/report/travel/brazil-brasilia.html,/jp/report/travel/brazil-brasilia.html,19837,GA4_90D_NO_ACTIVITY_ROW,NO_ACTIVITY_ROW_ELIGIBLE,NO_GSC_ROW,2025-07-14,450,0,0,0,"[""jp/report/travel/sitemap.xml""]",[],[],[],[],KANA_PRESENT_JAPANESE_LIKELY,1543,0,3826,jp/report/travel/brazil-brasilia.html,"[""EXPLICIT_LANGUAGE_MISMATCH""]",false,false,false,2026-09-08,2026-10-05,ROW_ABSENT,2026-09-06,2026-10-03,VERIFIED,108,ROW_ABSENT,2026-09-03,2026-09-30,VERIFIED,34,ROW_ABSENT,ブラジルのブラジル旅行完璧なガイド|旅行コース、準備、予防策,Brazilian Brazilia Travel Perfect Guide,Brasilia 3泊と4日間の旅行コース | Brazilia旅行が必要である必要があります | Brazilia旅行の注意事項 | Brazilia旅行のヒント | Brasiliaの旅費,8,5,13,0,0,POOR,PERVASIVE,LOW_FOR_PRACTICAL_PLANNING,UNVERIFIED_NO_VISIBLE_AS_OF_DATE,HIGH,"Local title/H1/H2 and first body text reviewed. The itinerary, prep, caution, tips and cost sections repeat across templates; place names are often corrupted or left in English/romanization. Prices, visas and opening details were not externally fact-checked.",,,NOT_IN_ANALYZED_500_EXPORT,,,,,,,,,2964
20,NESTED_REFINED_B25_OF_B100,jp-batch-b-analyzed-500-20261007.csv -> first 25 eligible rows also present in jp-batch-b-proposed-100-20261007.csv,https://emfls.github.io/jp/report/travel/rwanda-kigali.html,jp/report/travel/rwanda-kigali.html,/jp/report/travel/rwanda-kigali.html,19825,GA4_90D_NO_ACTIVITY_ROW,NO_ACTIVITY_ROW_ELIGIBLE,NO_GSC_ROW,2025-07-14,450,0,0,0,"[""jp/report/travel/sitemap.xml""]",[],[],[],[],KANA_PRESENT_JAPANESE_LIKELY,1711,0,3978,jp/report/travel/rwanda-kigali.html,"[""EXPLICIT_LANGUAGE_MISMATCH""]",false,false,false,2026-09-08,2026-10-05,ROW_ABSENT,2026-09-06,2026-10-03,VERIFIED,108,ROW_ABSENT,2026-09-03,2026-09-30,VERIFIED,34,ROW_ABSENT,ルワンダキガリトラベルパーフェクトガイド|旅行コース、準備、予防策,🇼ルワンダ・キガリ・トラベル・パーフェクト・ガイド,Kigali 3泊と4日間の旅行コース | prepationするために必要なキガリ旅行 | Kigali旅行の予防策 | Kigali旅行のヒント | 旅行旅行に期待される費用,8,5,13,0,0,POOR,PERVASIVE,LOW_FOR_PRACTICAL_PLANNING,UNVERIFIED_NO_VISIBLE_AS_OF_DATE,HIGH,"Local title/H1/H2 and first body text reviewed. The itinerary, prep, caution, tips and cost sections repeat across templates; place names are often corrupted or left in English/romanization. Prices, visas and opening details were not externally fact-checked.",,,NOT_IN_ANALYZED_500_EXPORT,,,,,,,,,2964
21,NESTED_REFINED_B25_OF_B100,jp-batch-b-analyzed-500-20261007.csv -> first 25 eligible rows also present in jp-batch-b-proposed-100-20261007.csv,https://emfls.github.io/jp/report/travel/usa-atlanta.html,jp/report/travel/usa-atlanta.html,/jp/report/travel/usa-atlanta.html,19799,GA4_90D_NO_ACTIVITY_ROW,NO_ACTIVITY_ROW_ELIGIBLE,NO_GSC_ROW,2025-07-14,450,0,0,0,"[""jp/report/travel/sitemap.xml""]",[],[],[],[],KANA_PRESENT_JAPANESE_LIKELY,1912,0,3609,jp/report/travel/usa-atlanta.html,"[""EXPLICIT_LANGUAGE_MISMATCH""]",false,false,false,2026-09-08,2026-10-05,ROW_ABSENT,2026-09-06,2026-10-03,VERIFIED,108,ROW_ABSENT,2026-09-03,2026-09-30,VERIFIED,34,ROW_ABSENT,米国でのアトランタ旅行への完璧なガイド|旅行コース、準備、予防策,usa米国アトランタへの旅行に最適なガイド,📅アトランタ5晩6日間の旅行コース | 🎒アトランタ旅行が必要でした | Atlanta旅行の注意事項 | 💡アトランタ旅行のヒント | AtlantaTlanta旅行の推定費用,10,5,14,0,0,POOR,PERVASIVE,LOW_FOR_PRACTICAL_PLANNING,UNVERIFIED_NO_VISIBLE_AS_OF_DATE,HIGH,"Local title/H1/H2 and first body text reviewed. The itinerary, prep, caution, tips and cost sections repeat across templates; place names are often corrupted or left in English/romanization. Prices, visas and opening details were not externally fact-checked.",,,NOT_IN_ANALYZED_500_EXPORT,,,,,,,,,2964
22,NESTED_REFINED_B25_OF_B100,jp-batch-b-analyzed-500-20261007.csv -> first 25 eligible rows also present in jp-batch-b-proposed-100-20261007.csv,https://emfls.github.io/jp/report/travel/thailand-ayutthaya.html,jp/report/travel/thailand-ayutthaya.html,/jp/report/travel/thailand-ayutthaya.html,19774,GA4_90D_NO_ACTIVITY_ROW,NO_ACTIVITY_ROW_ELIGIBLE,NO_GSC_ROW,2025-07-14,450,0,0,0,"[""jp/report/travel/sitemap.xml""]",[],[],[],[],KANA_PRESENT_JAPANESE_LIKELY,1815,0,3931,jp/report/travel/thailand-ayutthaya.html,"[""EXPLICIT_LANGUAGE_MISMATCH""]",false,false,false,2026-09-08,2026-10-05,ROW_ABSENT,2026-09-06,2026-10-03,VERIFIED,108,ROW_ABSENT,2026-09-03,2026-09-30,VERIFIED,34,ROW_ABSENT,タイAyutthaya Travel Perfect Guide |旅行コース、準備、予防策,thai thai thai ayutthaya Travel Perfect Guide,ayutthaya 2泊3日間の旅行コース | ayutthaya旅行が必要です | Ayutthaya旅行の注意事項 | ayutthaya旅行のヒント | ayutthaya旅行の推定費用,7,5,13,0,0,POOR,PERVASIVE,LOW_FOR_PRACTICAL_PLANNING,UNVERIFIED_NO_VISIBLE_AS_OF_DATE,HIGH,"Local title/H1/H2 and first body text reviewed. The itinerary, prep, caution, tips and cost sections repeat across templates; place names are often corrupted or left in English/romanization. Prices, visas and opening details were not externally fact-checked.",,,NOT_IN_ANALYZED_500_EXPORT,,,,,,,,,2964
23,NESTED_REFINED_B25_OF_B100,jp-batch-b-analyzed-500-20261007.csv -> first 25 eligible rows also present in jp-batch-b-proposed-100-20261007.csv,https://emfls.github.io/jp/report/travel/south-africa-simons-town.html,jp/report/travel/south-africa-simons-town.html,/jp/report/travel/south-africa-simons-town.html,19773,GA4_90D_NO_ACTIVITY_ROW,NO_ACTIVITY_ROW_ELIGIBLE,NO_GSC_ROW,2025-07-14,450,0,0,0,"[""jp/report/travel/sitemap.xml""]",[],[],[],[],KANA_PRESENT_JAPANESE_LIKELY,1890,0,3853,jp/report/travel/south-africa-simons-town.html,"[""EXPLICIT_LANGUAGE_MISMATCH""]",false,false,false,2026-09-08,2026-10-05,ROW_ABSENT,2026-09-06,2026-10-03,VERIFIED,108,ROW_ABSENT,2026-09-03,2026-09-30,VERIFIED,34,ROW_ABSENT,南アフリカ共和国サイモンズタウントラベルパーフェクトガイド|旅行コース、準備、予防策,🇿🇦南アフリカのサイモンズタウン旅行への完璧なガイド,📅サイモンは2晩と3日間の旅行コースを止めました | Simon Simonは旅行の本質的な準備をしました | ⚠姉妹旅行の注意事項 | 💡サイモンは旅行のヒントを締めました | Simon Simonは旅行費用を盗みました,7,5,12,0,0,POOR,PERVASIVE,LOW_FOR_PRACTICAL_PLANNING,UNVERIFIED_NO_VISIBLE_AS_OF_DATE,HIGH,"Local title/H1/H2 and first body text reviewed. The itinerary, prep, caution, tips and cost sections repeat across templates; place names are often corrupted or left in English/romanization. Prices, visas and opening details were not externally fact-checked.",,,NOT_IN_ANALYZED_500_EXPORT,,,,,,,,,2964
24,NESTED_REFINED_B25_OF_B100,jp-batch-b-analyzed-500-20261007.csv -> first 25 eligible rows also present in jp-batch-b-proposed-100-20261007.csv,https://emfls.github.io/jp/report/travel/uk-warwick.html,jp/report/travel/uk-warwick.html,/jp/report/travel/uk-warwick.html,19771,GA4_90D_NO_ACTIVITY_ROW,NO_ACTIVITY_ROW_ELIGIBLE,NO_GSC_ROW,2025-07-14,450,0,0,0,"[""jp/report/travel/sitemap.xml""]",[],[],[],[],KANA_PRESENT_JAPANESE_LIKELY,2012,0,3981,jp/report/travel/uk-warwick.html,"[""EXPLICIT_LANGUAGE_MISMATCH""]",false,false,false,2026-09-08,2026-10-05,ROW_ABSENT,2026-09-06,2026-10-03,VERIFIED,108,ROW_ABSENT,2026-09-03,2026-09-30,VERIFIED,34,ROW_ABSENT,旅行の完璧なガイド、イギリス、ウォリック|旅行コース、準備、予防策,evandイギリスのウォリック旅行への完璧なガイド,📅ウォリック2晩3日間の旅行コース | 🎒戦士旅行が必要です | warick旅行の予防策 | 💡ワリック旅行のヒント | 💰ワリック旅行予想費用,7,5,11,0,0,POOR,PERVASIVE,LOW_FOR_PRACTICAL_PLANNING,UNVERIFIED_NO_VISIBLE_AS_OF_DATE,HIGH,"Local title/H1/H2 and first body text reviewed. The itinerary, prep, caution, tips and cost sections repeat across templates; place names are often corrupted or left in English/romanization. Prices, visas and opening details were not externally fact-checked.",,,NOT_IN_ANALYZED_500_EXPORT,,,,,,,,,2964
25,NESTED_REFINED_B25_OF_B100,jp-batch-b-analyzed-500-20261007.csv -> first 25 eligible rows also present in jp-batch-b-proposed-100-20261007.csv,https://emfls.github.io/jp/report/travel/somalia-kismayo.html,jp/report/travel/somalia-kismayo.html,/jp/report/travel/somalia-kismayo.html,19758,GA4_90D_NO_ACTIVITY_ROW,NO_ACTIVITY_ROW_ELIGIBLE,NO_GSC_ROW,2025-07-14,450,0,0,0,"[""jp/report/travel/sitemap.xml""]",[],[],[],[],KANA_PRESENT_JAPANESE_LIKELY,1670,0,3681,jp/report/travel/somalia-kismayo.html,"[""EXPLICIT_LANGUAGE_MISMATCH""]",false,false,false,2026-09-08,2026-10-05,ROW_ABSENT,2026-09-06,2026-10-03,VERIFIED,108,ROW_ABSENT,2026-09-03,2026-09-30,VERIFIED,34,ROW_ABSENT,ソマリ・キス・メイト・トラベル・パーフェクト・ガイド|旅行コース、準備、予防策,🇸🇴ソマリアキスメイトの旅行パーフェクトガイド,📅マッソ3泊と4日間の旅行コースにキス | 🎒マロ旅行を必要とする必要があります | mao旅行の予防措置にキス | 💡毛の旅行のヒントにキス | 💰マロ旅行の期待費用にキス,8,5,13,0,0,POOR,PERVASIVE,LOW_FOR_PRACTICAL_PLANNING,UNVERIFIED_NO_VISIBLE_AS_OF_DATE,HIGH,"Local title/H1/H2 and first body text reviewed. The itinerary, prep, caution, tips and cost sections repeat across templates; place names are often corrupted or left in English/romanization. Prices, visas and opening details were not externally fact-checked.",,,NOT_IN_ANALYZED_500_EXPORT,,,,,,,,,2964
